Workbook

Sheet Resumen
A1: Modelo CVSS-like para TLS Adaptación práctica inspirada en CVSS v3.1 para scoring de configuraciones TLS
A3: Objetivo | B3: Transformar hallazgos TLS en un puntaje defendible y consistente.
A4: Inspiración | B4: Se inspira en CVSS v3.1 usando dos ideas: Impacto y Explotabilidad.
A5: Fórmula | B5: Puntaje final = MAX(0, 100 - suma de penalizaciones activas)
A6: Penalización | B6: Penalización recomendada = REDONDEAR(((Impacto + Explotabilidad) / 2) × 5, 0)
A7: Principio | B7: Las buenas prácticas no elevan el score por encima de 100; evitan penalizaciones.
A9: Mapa de calificación
A10: Rango score | B10: Calificación | C10: Severidad | D10: Lectura sugerida
A11: 90 - 100 | B11: A | C11: Baja | D11: Postura TLS sólida
A12: 75 - 89 | B12: B | C12: Media | D12: Postura TLS aceptable con oportunidades de mejora
A13: 60 - 74 | B13: C | C13: Media-Alta | D13: Postura TLS mejorable
A14: 40 - 59 | B14: D | C14: Alta | D14: Postura TLS débil
A15: 0 - 39 | B15: F | C15: Crítica | D15: Postura TLS crítica
A18: Cómo explicarlo
A19: 1. Se parte de 100 puntos.
A20: 2. Cada debilidad activa recibe una penalización basada en Impacto y Explotabilidad.
A21: 3. El score resultante se mapea a severidad y a una letra (A–F).
A22: 4. Impacto refleja la gravedad técnica si la debilidad existe.
A23: 5. Explotabilidad refleja qué tan fácil sería aprovechar esa debilidad.
A24: 6. El modelo puede extenderse con factores de certificado.

Sheet Factores_TLS
A1: Factores TLS Penalizaciones recomendadas para integrar en el score
A3: Categoría | B3: Condición detectada | C3: Impacto (0-10) | D3: Explotabilidad (0-10) | E3: Penalización recomendada | F3: Qué hace en el score | G3: Severidad esperada | H3: Regla de detección
A4: Crítico | B4: SSLv2 habilitado | C4: 10 | D4: 10 | E4: =ROUND(((C4+D4)/2)*5,0) -> 50 | F4: Resta máxima; protocolo roto | G4: Crítica | H4: tls_versions['SSLV2'] == True
A5: Crítico | B5: SSLv3 habilitado | C5: 9 | D5: 8 | E5: =ROUND(((C5+D5)/2)*5,0) -> 43 | F5: Resta muy alta; riesgo de downgrade / POODLE | G5: Crítica | H5: tls_versions['SSLV3'] == True
A6: Alto | B6: TLS 1.0 habilitado | C6: 6 | D6: 6 | E6: =ROUND(((C6+D6)/2)*5,0) -> 30 | F6: Resta alta por obsolescencia criptográfica | G6: Alta | H6: tls_versions['TLS1.0'] == True
A7: Medio | B7: TLS 1.1 habilitado | C7: 4 | D7: 5 | E7: =ROUND(((C7+D7)/2)*5,0) -> 23 | F7: Resta media por soporte heredado | G7: Media | H7: tls_versions['TLS1.1'] == True
A8: Bajo | B8: TLS 1.3 no habilitado | C8: 2 | D8: 3 | E8: =ROUND(((C8+D8)/2)*5,0) -> 13 | F8: Resta baja; postura moderna incompleta | G8: Baja | H8: tls_versions['TLS1.3'] == False
A9: Operativo | B9: Servicio HTTPS inaccesible | C9: 10 | D9: 10 | E9: 100 | F9: Score 0 o penalización total | G9: No evaluable | H9: reachable == False
A11: Nota | B11: TLS 1.2/TLS 1.3 habilitados no suman puntos; evitan penalizaciones.

Sheet Factores_Cert
A1: Factores opcionales de certificado Basados en el diccionario de certificado compartido por el usuario
A3: Categoría | B3: Condición detectada | C3: Impacto (0-10) | D3: Explotabilidad (0-10) | E3: Penalización recomendada | F3: Qué hace en el score | G3: Severidad esperada | H3: Regla de detección
A4: Crítico | B4: Certificado expirado | C4: 10 | D4: 9 | E4: =ROUND(((C4+D4)/2)*5,0) -> 48 | F4: Resta muy alta; invalida confianza | G4: Crítica | H4: is_expired == True
A5: Medio | B5: Expira en <= 30 días | C5: 4 | D5: 6 | E5: =ROUND(((C5+D5)/2)*5,0) -> 25 | F5: Resta preventiva por riesgo operativo | G5: Media | H5: days_to_expire <= 30
A6: Alto | B6: Clave débil (<2048 RSA o equivalente) | C6: 8 | D6: 7 | E6: =ROUND(((C6+D6)/2)*5,0) -> 38 | F6: Resta alta por debilidad criptográfica | G6: Alta | H6: key_info['is_weak'] == True
A7: Alto | B7: Certificado autofirmado | C7: 8 | D7: 8 | E7: =ROUND(((C7+D7)/2)*5,0) -> 40 | F7: Resta alta por falta de confianza | G7: Alta | H7: is_self_signed == True
A8: Alto | B8: Cadena de confianza no válida | C8: 9 | D8: 8 | E8: =ROUND(((C8+D8)/2)*5,0) -> 43 | F8: Resta alta por trust chain inválida | G8: Alta | H8: trust_chain != 'Valid'
A9: Medio | B9: Firma débil (SHA1/MD5) | C9: 7 | D9: 6 | E9: =ROUND(((C9+D9)/2)*5,0) -> 33 | F9: Resta media-alta por firma obsoleta | G9: Media | H9: signature_algorithm in weak_list
A11: Fuente de campos | B11: subject, issuer, is_expired, days_to_expire, key_info, signature_algorithm, is_self_signed, trust_chain

Sheet Ejemplos
A1: Ejemplos de scoring Escenarios típicos para validar y defender la metodología
A3: Escenario | B3: SSLv2 | C3: SSLv3 | D3: TLS1.0 | E3: TLS1.1 | F3: Sin TLS1.3 | G3: Cert. expirado | H3: Penalización total | I3: Score final | J3: Calificación
A4: Solo TLS 1.2 + TLS 1.3 | B4: 0 | C4: 0 | D4: 0 | E4: 0 | F4: 0 | G4: 0 | H4: =B4*Factores_TLS!$E$4+C4*Factores_TLS!$E$5+D4*Factores_TLS!$E$6+E4*Factores_TLS!$E$7+F4*Factores_TLS!$E$8+G4*Factores_Cert!$E$4 -> 0 | I4: =MAX(0,100-H4) -> 100 | J4: =IF(I4>=90,"A",IF(I4>=75,"B",IF(I4>=60,"C",IF(I4>=40,"D","F")))) -> A
A5: TLS 1.2 pero sin TLS 1.3 | B5: 0 | C5: 0 | D5: 0 | E5: 0 | F5: 1 | G5: 0 | H5: =B5*Factores_TLS!$E$4+C5*Factores_TLS!$E$5+D5*Factores_TLS!$E$6+E5*Factores_TLS!$E$7+F5*Factores_TLS!$E$8+G5*Factores_Cert!$E$4 -> 13 | I5: =MAX(0,100-H5) -> 87 | J5: =IF(I5>=90,"A",IF(I5>=75,"B",IF(I5>=60,"C",IF(I5>=40,"D","F")))) -> B
A6: TLS 1.0 + TLS 1.2 | B6: 0 | C6: 0 | D6: 1 | E6: 0 | F6: 1 | G6: 0 | H6: =B6*Factores_TLS!$E$4+C6*Factores_TLS!$E$5+D6*Factores_TLS!$E$6+E6*Factores_TLS!$E$7+F6*Factores_TLS!$E$8+G6*Factores_Cert!$E$4 -> 43 | I6: =MAX(0,100-H6) -> 57 | J6: =IF(I6>=90,"A",IF(I6>=75,"B",IF(I6>=60,"C",IF(I6>=40,"D","F")))) -> D
A7: SSLv3 habilitado | B7: 0 | C7: 1 | D7: 0 | E7: 0 | F7: 1 | G7: 0 | H7: =B7*Factores_TLS!$E$4+C7*Factores_TLS!$E$5+D7*Factores_TLS!$E$6+E7*Factores_TLS!$E$7+F7*Factores_TLS!$E$8+G7*Factores_Cert!$E$4 -> 56 | I7: =MAX(0,100-H7) -> 44 | J7: =IF(I7>=90,"A",IF(I7>=75,"B",IF(I7>=60,"C",IF(I7>=40,"D","F")))) -> D
A8: Certificado expirado | B8: 0 | C8: 0 | D8: 0 | E8: 0 | F8: 0 | G8: 1 | H8: =B8*Factores_TLS!$E$4+C8*Factores_TLS!$E$5+D8*Factores_TLS!$E$6+E8*Factores_TLS!$E$7+F8*Factores_TLS!$E$8+G8*Factores_Cert!$E$4 -> 48 | I8: =MAX(0,100-H8) -> 52 | J8: =IF(I8>=90,"A",IF(I8>=75,"B",IF(I8>=60,"C",IF(I8>=40,"D","F")))) -> D
A9: SSLv2 + TLS1.0 + cert expirado | B9: 1 | C9: 0 | D9: 1 | E9: 0 | F9: 1 | G9: 1 | H9: =B9*Factores_TLS!$E$4+C9*Factores_TLS!$E$5+D9*Factores_TLS!$E$6+E9*Factores_TLS!$E$7+F9*Factores_TLS!$E$8+G9*Factores_Cert!$E$4 -> 141 | I9: =MAX(0,100-H9) -> 0 | J9: =IF(I9>=90,"A",IF(I9>=75,"B",IF(I9>=60,"C",IF(I9>=40,"D","F")))) -> F
A11: Lectura | B11: Estos ejemplos muestran cómo aplicar las penalizaciones activas a un score base de 100.
